{
  "checkpoint": "/home/stud/u286092/bhome/group8/checkpoints/i3d_pretrained/best_top1_val0.805_epoch013.weights.h5",
  "test_top1": 0.8049167394638062,
  "test_top5": 0.9479249119758606,
  "num_classes": 101,
  "num_examples": 3783,
  "frames_T": 32,
  "batch": 6
}